{
  "v": 1,
  "docs": [
    {
      "id": "wiki:Biobran",
      "url": "http://localhost:4321/wiki/Biobran/",
      "title": "Biobran",
      "summary": "",
      "tags": []
    },
    {
      "id": "wiki:免疫调节",
      "url": "http://localhost:4321/wiki/%E5%85%8D%E7%96%AB%E8%B0%83%E8%8A%82/",
      "title": "免疫调节",
      "summary": "",
      "tags": []
    },
    {
      "id": "wiki:淋巴细胞活性",
      "url": "http://localhost:4321/wiki/%E6%B7%8B%E5%B7%B4%E7%BB%86%E8%83%9E%E6%B4%BB%E6%80%A7/",
      "title": "淋巴细胞活性",
      "summary": "",
      "tags": []
    }
  ]
}